{"pas": {"MAE": 0.01555765525423939, "MSE": 0.0946067869755347, "R2": 0.9963843835779739}, "pad": {"MAE": 0.011899526015049488, "MSE": 0.05321570891820019, "R2": 0.9952870914613601}}