{"pas": {"MAE": 0.008667867655446923, "MSE": 0.004382350567136689, "R2": 0.999955160395431}, "pad": {"MAE": 0.0014068461141446395, "MSE": 0.0001696691011606902, "R2": 0.9999831387682988}}