{"pas": {"MAE": 0.013160573830006763, "MSE": 0.010858723932113705, "R2": 0.9887306536064115}, "pad": {"MAE": 0.04062405198549577, "MSE": 0.12565165718077764, "R2": 0.9853085534682549}}