{"pas": {"MAE": 0.01123769841269855, "MSE": 0.018928818890779082, "R2": 0.9989185164587567}, "pad": {"MAE": 0.020662301587301642, "MSE": 0.05607743598828439, "R2": 0.9968592744836615}}