{"pas": {"MAE": 0.030439202796030736, "MSE": 0.16121988818691635, "R2": 0.9829595248365322}, "pad": {"MAE": 0.02530662698412699, "MSE": 0.12505641206443688, "R2": 0.9842994712901662}}