{"pas": {"MAE": 0.04915609697916215, "MSE": 0.40033008070303006, "R2": 0.9895665528073252}, "pad": {"MAE": 0.0166190599421253, "MSE": 0.04165040351747068, "R2": 0.9966128099538899}}