{"pas": {"MAE": 0.10496972608282693, "MSE": 0.6605402815359509, "R2": 0.9906030009960076}, "pad": {"MAE": 0.03381853229754677, "MSE": 0.21282676492930516, "R2": 0.9922376130755368}}