{"pas": {"MAE": 0.04696344735770908, "MSE": 0.28820272184882645, "R2": 0.9916436453807267}, "pad": {"MAE": 0.04223697926713964, "MSE": 0.2008097564815517, "R2": 0.9869821438981005}}