{"pas": {"MAE": 0.03517974797755837, "MSE": 0.4951081591991655, "R2": 0.9944509028396626}, "pad": {"MAE": 0.012466499540207178, "MSE": 0.00533516277504882, "R2": 0.9997461819760599}}