{"pas": {"MAE": 0.06858976678223969, "MSE": 0.2969983467793253, "R2": 0.9909736429793644}, "pad": {"MAE": 0.021571066276403705, "MSE": 0.046398433012904396, "R2": 0.9970149928705441}}