{"pas": {"MAE": 0.022135792238623102, "MSE": 0.10416794468230012, "R2": 0.9985560672168232}, "pad": {"MAE": 0.024118203078065902, "MSE": 0.15915735007672355, "R2": 0.9928567694256862}}