{"pas": {"MAE": 0.06531095096468624, "MSE": 0.763673890029574, "R2": 0.9844898390582725}, "pad": {"MAE": 0.034997069391200716, "MSE": 0.11667472016888776, "R2": 0.9889027925795573}}