{"pas": {"MAE": 0.05778993423667418, "MSE": 0.2858752060205844, "R2": 0.9976417056083619}, "pad": {"MAE": 0.11402109975479874, "MSE": 1.0408601505146169, "R2": 0.9719022653876495}}