{"pas": {"MAE": 0.016531879445340972, "MSE": 0.07360486453061867, "R2": 0.9913701014245256}, "pad": {"MAE": 0.010054004755927737, "MSE": 0.021203866937045575, "R2": 0.9782484014257804}}