{"pas": {"MAE": 0.14377426928796175, "MSE": 1.0227369333848562, "R2": 0.9887162331278101}, "pad": {"MAE": 0.10273737641892244, "MSE": 0.5011301227191929, "R2": 0.9767499096349527}}